CREATE TABLE "politic_hub" ("hk" TEXT NOT NULL UNIQUE, "dt" TEXT NOT NULL, "src"  TEXT NOT NULL, "name" TEXT NOT NULL, PRIMARY KEY("hk"));
INSERT INTO "politic_hub" ("hk","dt","src","name") VALUES ("15153832979968222410","1721166509124ms","1","POLITIC_1");
INSERT INTO "politic_hub" ("hk","dt","src","name") VALUES ("1802491521201041384","1721166509124ms","1","POLITIC_2");
CREATE TABLE "rule_hub" ("hk" TEXT NOT NULL UNIQUE, "dt" TEXT NOT NULL, "src"  TEXT NOT NULL, "name" TEXT NOT NULL, PRIMARY KEY("hk"));
INSERT INTO "rule_hub" ("hk","dt","src","name") VALUES ("8271281792137018304","1721166509124ms","1","Правило для GET_1");
INSERT INTO "rule_hub" ("hk","dt","src","name") VALUES ("603416357163582489","1721166509124ms","1","Правило для PUT_1");
INSERT INTO "rule_hub" ("hk","dt","src","name") VALUES ("8779058424286967118","1721166509124ms","1","Правило для POST_1");
INSERT INTO "rule_hub" ("hk","dt","src","name") VALUES ("5920445534275078174","1721166509125ms","1","Правило для DELETE_1");
INSERT INTO "rule_hub" ("hk","dt","src","name") VALUES ("2261004459376525335","1721166509125ms","1","Правило для PATCH_1");
INSERT INTO "rule_hub" ("hk","dt","src","name") VALUES ("10543646624933841060","1721166509125ms","1","Правило для HEAD_1");
INSERT INTO "rule_hub" ("hk","dt","src","name") VALUES ("6374312477639208525","1721166509125ms","1","Правило для OPTIONS_1");
INSERT INTO "rule_hub" ("hk","dt","src","name") VALUES ("12356392830694245172","1721166509125ms","1","Правило для TRACE_1");
INSERT INTO "rule_hub" ("hk","dt","src","name") VALUES ("17240693774908357169","1721166509125ms","1","Правило для CONNECT_1");
INSERT INTO "rule_hub" ("hk","dt","src","name") VALUES ("9478468804136761819","1721166509125ms","1","Правило для GET_2");
INSERT INTO "rule_hub" ("hk","dt","src","name") VALUES ("18429185897668607390","1721166509125ms","1","Правило для PUT_2");
INSERT INTO "rule_hub" ("hk","dt","src","name") VALUES ("8203536016680997965","1721166509125ms","1","Правило для POST_2");
INSERT INTO "rule_hub" ("hk","dt","src","name") VALUES ("2649436473152542709","1721166509125ms","1","Правило для DELETE_2");
INSERT INTO "rule_hub" ("hk","dt","src","name") VALUES ("1710581406034247912","1721166509125ms","1","Правило для PATCH_2");
INSERT INTO "rule_hub" ("hk","dt","src","name") VALUES ("10170089511133285138","1721166509125ms","1","Правило для HEAD_2");
INSERT INTO "rule_hub" ("hk","dt","src","name") VALUES ("9175231443766067130","1721166509125ms","1","Правило для OPTIONS_2");
INSERT INTO "rule_hub" ("hk","dt","src","name") VALUES ("340840630196042640","1721166509125ms","1","Правило для TRACE_2");
INSERT INTO "rule_hub" ("hk","dt","src","name") VALUES ("4840522424119579548","1721166509125ms","1","Правило для CONNECT_2");
CREATE TABLE "politic_sat" ("hk" TEXT NOT NULL UNIQUE, "dt" TEXT NOT NULL, "src"  TEXT NOT NULL,"description" TEXT,"recommend" TEXT, PRIMARY KEY("hk"));
INSERT INTO "politic_sat" ("hk", "dt", "src","description","recommend") VALUES ("15153832979968222410","1721166509125ms","1","Политика для сервиса 1","Для получения доступа добавьте пользователю роль из политики POLITIC_1: GET_1,PUT_1,POST_1,DELETE_1,PATCH_1,HEAD_1,OPTIONS_1,TRACE_1,CONNECT_1 или полный доступ FULL_ACCESS или выключите безопасность через переменную окружения POLITIC_1=0");
INSERT INTO "politic_sat" ("hk", "dt", "src","description","recommend") VALUES ("1802491521201041384","1721166509125ms","1","Политика для сервиса 2","Для получения доступа добавьте пользователю роль из политики POLITIC_2: GET_2,PUT_2,POST_2,DELETE_2,PATCH_2,HEAD_2,OPTIONS_2,TRACE_2,CONNECT_2 или полный доступ FULL_ACCESS или выключите безопасность через переменную окружения POLITIC_2=0");
CREATE TABLE "link_politic_rule" ("hk" TEXT NOT NULL,"dt" TEXT NOT NULL,"src" TEXT NOT NULL, "politic_hk" TEXT NOT NULL,"rule_hk" TEXT);
INSERT INTO "link_politic_rule" ("hk","dt","src", "politic_hk","rule_hk") VALUES ("14571885770585164942","1721166509125ms","1","15153832979968222410","8271281792137018304");
INSERT INTO "link_politic_rule" ("hk","dt","src", "politic_hk","rule_hk") VALUES ("14571885770585164942","1721166509125ms","1","15153832979968222410","603416357163582489");
INSERT INTO "link_politic_rule" ("hk","dt","src", "politic_hk","rule_hk") VALUES ("14571885770585164942","1721166509125ms","1","15153832979968222410","8779058424286967118");
INSERT INTO "link_politic_rule" ("hk","dt","src", "politic_hk","rule_hk") VALUES ("14571885770585164942","1721166509125ms","1","15153832979968222410","5920445534275078174");
INSERT INTO "link_politic_rule" ("hk","dt","src", "politic_hk","rule_hk") VALUES ("14571885770585164942","1721166509125ms","1","15153832979968222410","2261004459376525335");
INSERT INTO "link_politic_rule" ("hk","dt","src", "politic_hk","rule_hk") VALUES ("14571885770585164942","1721166509125ms","1","15153832979968222410","10543646624933841060");
INSERT INTO "link_politic_rule" ("hk","dt","src", "politic_hk","rule_hk") VALUES ("14571885770585164942","1721166509125ms","1","15153832979968222410","6374312477639208525");
INSERT INTO "link_politic_rule" ("hk","dt","src", "politic_hk","rule_hk") VALUES ("14571885770585164942","1721166509125ms","1","15153832979968222410","12356392830694245172");
INSERT INTO "link_politic_rule" ("hk","dt","src", "politic_hk","rule_hk") VALUES ("14571885770585164942","1721166509125ms","1","15153832979968222410","17240693774908357169");
INSERT INTO "link_politic_rule" ("hk","dt","src", "politic_hk","rule_hk") VALUES ("14571885770585164942","1721166509125ms","1","1802491521201041384","9478468804136761819");
INSERT INTO "link_politic_rule" ("hk","dt","src", "politic_hk","rule_hk") VALUES ("14571885770585164942","1721166509125ms","1","1802491521201041384","18429185897668607390");
INSERT INTO "link_politic_rule" ("hk","dt","src", "politic_hk","rule_hk") VALUES ("14571885770585164942","1721166509125ms","1","1802491521201041384","8203536016680997965");
INSERT INTO "link_politic_rule" ("hk","dt","src", "politic_hk","rule_hk") VALUES ("14571885770585164942","1721166509125ms","1","1802491521201041384","2649436473152542709");
INSERT INTO "link_politic_rule" ("hk","dt","src", "politic_hk","rule_hk") VALUES ("14571885770585164942","1721166509125ms","1","1802491521201041384","1710581406034247912");
INSERT INTO "link_politic_rule" ("hk","dt","src", "politic_hk","rule_hk") VALUES ("14571885770585164942","1721166509125ms","1","1802491521201041384","10170089511133285138");
INSERT INTO "link_politic_rule" ("hk","dt","src", "politic_hk","rule_hk") VALUES ("14571885770585164942","1721166509125ms","1","1802491521201041384","9175231443766067130");
INSERT INTO "link_politic_rule" ("hk","dt","src", "politic_hk","rule_hk") VALUES ("14571885770585164942","1721166509125ms","1","1802491521201041384","340840630196042640");
INSERT INTO "link_politic_rule" ("hk","dt","src", "politic_hk","rule_hk") VALUES ("14571885770585164942","1721166509125ms","1","1802491521201041384","4840522424119579548");
CREATE TABLE "operator_dic" ("hk" TEXT NOT NULL UNIQUE, "dt" TEXT NOT NULL, "src"  TEXT NOT NULL, "name"	TEXT NOT NULL, PRIMARY KEY("hk"));
INSERT INTO "operator_dic" ("hk","dt","src","name") VALUES ("5220987147831440268","1721166509125ms","1","OR");
INSERT INTO "operator_dic" ("hk","dt","src","name") VALUES ("14122788419850422375","1721166509125ms","1","AND");
CREATE TABLE "rule_sat" ("hk" TEXT NOT NULL UNIQUE, "dt" TEXT NOT NULL, "src"  TEXT NOT NULL,"description" TEXT,"recommendation" TEXT,"obj_operator_hk" TEXT,"subj_operator_hk" TEXT, PRIMARY KEY("hk"));
INSERT INTO "rule_sat" ("hk", "dt", "src","description","recommendation","obj_operator_hk","subj_operator_hk") VALUES ("8271281792137018304","1721166509125ms","1","Правило доступа к методу GET сервиса 1","Для доступа к методу GET сервиса 1 добавьте правило","5220987147831440268","5220987147831440268");
INSERT INTO "rule_sat" ("hk", "dt", "src","description","recommendation","obj_operator_hk","subj_operator_hk") VALUES ("603416357163582489","1721166509125ms","1","Правило доступа к методу PUT сервиса 1","Для доступа к методу PUT сервиса 1 добавьте правило","5220987147831440268","5220987147831440268");
INSERT INTO "rule_sat" ("hk", "dt", "src","description","recommendation","obj_operator_hk","subj_operator_hk") VALUES ("8779058424286967118","1721166509125ms","1","Правило доступа к методу POST сервиса 1","Для доступа к методу POST сервиса 1 добавьте правило","5220987147831440268","5220987147831440268");
INSERT INTO "rule_sat" ("hk", "dt", "src","description","recommendation","obj_operator_hk","subj_operator_hk") VALUES ("5920445534275078174","1721166509125ms","1","Правило доступа к методу DELETE сервиса 1","Для доступа к методу DELETE сервиса 1 добавьте правило","5220987147831440268","5220987147831440268");
INSERT INTO "rule_sat" ("hk", "dt", "src","description","recommendation","obj_operator_hk","subj_operator_hk") VALUES ("2261004459376525335","1721166509125ms","1","Правило доступа к методу PATCH сервиса 1","Для доступа к методу PATCH сервиса 1 добавьте правило","5220987147831440268","5220987147831440268");
INSERT INTO "rule_sat" ("hk", "dt", "src","description","recommendation","obj_operator_hk","subj_operator_hk") VALUES ("10543646624933841060","1721166509125ms","1","Правило доступа к методу HEAD сервиса 1","Для доступа к методу HEAD сервиса 1 добавьте правило","5220987147831440268","5220987147831440268");
INSERT INTO "rule_sat" ("hk", "dt", "src","description","recommendation","obj_operator_hk","subj_operator_hk") VALUES ("6374312477639208525","1721166509125ms","1","Правило доступа к методу OPTIONS сервиса 1","Для доступа к методу OPTIONS сервиса 1 добавьте правило","5220987147831440268","5220987147831440268");
INSERT INTO "rule_sat" ("hk", "dt", "src","description","recommendation","obj_operator_hk","subj_operator_hk") VALUES ("12356392830694245172","1721166509125ms","1","Правило доступа к методу TRACE сервиса 1","Для доступа к методу TRACE сервиса 1 добавьте правило","5220987147831440268","5220987147831440268");
INSERT INTO "rule_sat" ("hk", "dt", "src","description","recommendation","obj_operator_hk","subj_operator_hk") VALUES ("17240693774908357169","1721166509125ms","1","Правило доступа к методу CONNECT сервиса 1","Для доступа к методу CONNECT сервиса 1 добавьте правило","5220987147831440268","5220987147831440268");
INSERT INTO "rule_sat" ("hk", "dt", "src","description","recommendation","obj_operator_hk","subj_operator_hk") VALUES ("9478468804136761819","1721166509125ms","1","Правило доступа к методу GET сервиса 2","Для доступа к методу GET сервиса 2 добавьте правило","5220987147831440268","5220987147831440268");
INSERT INTO "rule_sat" ("hk", "dt", "src","description","recommendation","obj_operator_hk","subj_operator_hk") VALUES ("18429185897668607390","1721166509125ms","1","Правило доступа к методу PUT сервиса 2","Для доступа к методу PUT сервиса 2 добавьте правило","5220987147831440268","5220987147831440268");
INSERT INTO "rule_sat" ("hk", "dt", "src","description","recommendation","obj_operator_hk","subj_operator_hk") VALUES ("8203536016680997965","1721166509125ms","1","Правило доступа к методу POST сервиса 2","Для доступа к методу POST сервиса 2 добавьте правило","5220987147831440268","5220987147831440268");
INSERT INTO "rule_sat" ("hk", "dt", "src","description","recommendation","obj_operator_hk","subj_operator_hk") VALUES ("2649436473152542709","1721166509125ms","1","Правило доступа к методу DELETE сервиса 2","Для доступа к методу DELETE сервиса 2 добавьте правило","5220987147831440268","5220987147831440268");
INSERT INTO "rule_sat" ("hk", "dt", "src","description","recommendation","obj_operator_hk","subj_operator_hk") VALUES ("1710581406034247912","1721166509125ms","1","Правило доступа к методу PATCH сервиса 2","Для доступа к методу PATCH сервиса 2 добавьте правило","5220987147831440268","5220987147831440268");
INSERT INTO "rule_sat" ("hk", "dt", "src","description","recommendation","obj_operator_hk","subj_operator_hk") VALUES ("10170089511133285138","1721166509125ms","1","Правило доступа к методу HEAD сервиса 2","Для доступа к методу HEAD сервиса 2 добавьте правило","5220987147831440268","5220987147831440268");
INSERT INTO "rule_sat" ("hk", "dt", "src","description","recommendation","obj_operator_hk","subj_operator_hk") VALUES ("9175231443766067130","1721166509125ms","1","Правило доступа к методу OPTIONS сервиса 2","Для доступа к методу OPTIONS сервиса 2 добавьте правило","5220987147831440268","5220987147831440268");
INSERT INTO "rule_sat" ("hk", "dt", "src","description","recommendation","obj_operator_hk","subj_operator_hk") VALUES ("340840630196042640","1721166509125ms","1","Правило доступа к методу TRACE сервиса 2","Для доступа к методу TRACE сервиса 2 добавьте правило","5220987147831440268","5220987147831440268");
INSERT INTO "rule_sat" ("hk", "dt", "src","description","recommendation","obj_operator_hk","subj_operator_hk") VALUES ("4840522424119579548","1721166509125ms","1","Правило доступа к методу CONNECT сервиса 2","Для доступа к методу CONNECT сервиса 2 добавьте правило","5220987147831440268","5220987147831440268");
CREATE TABLE "object_name_dic" ("hk" TEXT NOT NULL UNIQUE, "dt" TEXT NOT NULL, "src"  TEXT NOT NULL, "name"	TEXT NOT NULL, PRIMARY KEY("hk"));
INSERT INTO "object_name_dic" ("hk","dt","src","name") VALUES ("14258576900392064537","1721166509125ms","1","id");
INSERT INTO "object_name_dic" ("hk","dt","src","name") VALUES ("10420554295983197538","1721166509125ms","1","name");
CREATE TABLE "subject_name_dic" ("hk" TEXT NOT NULL UNIQUE, "dt" TEXT NOT NULL, "src"  TEXT NOT NULL, "name"	TEXT NOT NULL, PRIMARY KEY("hk"));
INSERT INTO "subject_name_dic" ("hk","dt","src","name") VALUES ("14258576900392064537","1721166509125ms","1","id");
INSERT INTO "subject_name_dic" ("hk","dt","src","name") VALUES ("8515376505552316133","1721166509125ms","1","role");
INSERT INTO "subject_name_dic" ("hk","dt","src","name") VALUES ("13308084906000872912","1721166509125ms","1","group");
CREATE TABLE "comparison_operator_dic" ("hk" TEXT NOT NULL UNIQUE, "dt" TEXT NOT NULL, "src"  TEXT NOT NULL, "name"	TEXT NOT NULL, PRIMARY KEY("hk"));
INSERT INTO "comparison_operator_dic" ("hk","dt","src","name") VALUES ("4789621391205792255","1721166509125ms","1","equals");
INSERT INTO "comparison_operator_dic" ("hk","dt","src","name") VALUES ("10812924833742122732","1721166509125ms","1","contain");
INSERT INTO "comparison_operator_dic" ("hk","dt","src","name") VALUES ("7500597097087108110","1721166509125ms","1","matches");
CREATE TABLE "object_cond_hub" ("hk" TEXT NOT NULL UNIQUE, "dt" TEXT NOT NULL, "src"  TEXT NOT NULL, "object" TEXT NOT NULL,"comparison_operator_hk" TEXT NOT NULL,"value" TEXT NOT NULL, PRIMARY KEY("hk"));
INSERT INTO "object_cond_hub" ("hk","dt","src","object","comparison_operator_hk","value") VALUES ("15538174937159163044","1721166509125ms","1","10420554295983197538","7500597097087108110","GET");
INSERT INTO "object_cond_hub" ("hk","dt","src","object","comparison_operator_hk","value") VALUES ("12198455829286813305","1721166509125ms","1","10420554295983197538","7500597097087108110","PUT");
INSERT INTO "object_cond_hub" ("hk","dt","src","object","comparison_operator_hk","value") VALUES ("16372842364810090685","1721166509125ms","1","10420554295983197538","7500597097087108110","POST");
INSERT INTO "object_cond_hub" ("hk","dt","src","object","comparison_operator_hk","value") VALUES ("6865078944023993121","1721166509125ms","1","10420554295983197538","7500597097087108110","DELETE");
INSERT INTO "object_cond_hub" ("hk","dt","src","object","comparison_operator_hk","value") VALUES ("5244370904071938740","1721166509125ms","1","10420554295983197538","7500597097087108110","PATCH");
INSERT INTO "object_cond_hub" ("hk","dt","src","object","comparison_operator_hk","value") VALUES ("7297402197434665087","1721166509125ms","1","10420554295983197538","7500597097087108110","HEAD");
INSERT INTO "object_cond_hub" ("hk","dt","src","object","comparison_operator_hk","value") VALUES ("3545243966873722102","1721166509125ms","1","10420554295983197538","7500597097087108110","OPTIONS");
INSERT INTO "object_cond_hub" ("hk","dt","src","object","comparison_operator_hk","value") VALUES ("3677832973580004710","1721166509125ms","1","10420554295983197538","7500597097087108110","TRACE");
INSERT INTO "object_cond_hub" ("hk","dt","src","object","comparison_operator_hk","value") VALUES ("17409573596913462342","1721166509125ms","1","10420554295983197538","7500597097087108110","CONNECT");
CREATE TABLE "link_rule_object_cond" ("hk" TEXT NOT NULL,"dt" TEXT NOT NULL,"src" TEXT NOT NULL, "rule_hk" TEXT NOT NULL,"object_cond_hk" TEXT);
INSERT INTO "link_rule_object_cond" ("hk","dt","src", "rule_hk","object_cond_hk") VALUES ("6925901350692268517","1721166509125ms","1","8271281792137018304","15538174937159163044");
INSERT INTO "link_rule_object_cond" ("hk","dt","src", "rule_hk","object_cond_hk") VALUES ("6925901350692268517","1721166509125ms","1","603416357163582489","12198455829286813305");
INSERT INTO "link_rule_object_cond" ("hk","dt","src", "rule_hk","object_cond_hk") VALUES ("6925901350692268517","1721166509125ms","1","8779058424286967118","16372842364810090685");
INSERT INTO "link_rule_object_cond" ("hk","dt","src", "rule_hk","object_cond_hk") VALUES ("6925901350692268517","1721166509125ms","1","5920445534275078174","6865078944023993121");
INSERT INTO "link_rule_object_cond" ("hk","dt","src", "rule_hk","object_cond_hk") VALUES ("6925901350692268517","1721166509125ms","1","2261004459376525335","5244370904071938740");
INSERT INTO "link_rule_object_cond" ("hk","dt","src", "rule_hk","object_cond_hk") VALUES ("6925901350692268517","1721166509125ms","1","10543646624933841060","7297402197434665087");
INSERT INTO "link_rule_object_cond" ("hk","dt","src", "rule_hk","object_cond_hk") VALUES ("6925901350692268517","1721166509125ms","1","6374312477639208525","3545243966873722102");
INSERT INTO "link_rule_object_cond" ("hk","dt","src", "rule_hk","object_cond_hk") VALUES ("6925901350692268517","1721166509125ms","1","12356392830694245172","3677832973580004710");
INSERT INTO "link_rule_object_cond" ("hk","dt","src", "rule_hk","object_cond_hk") VALUES ("6925901350692268517","1721166509125ms","1","17240693774908357169","17409573596913462342");
INSERT INTO "link_rule_object_cond" ("hk","dt","src", "rule_hk","object_cond_hk") VALUES ("6925901350692268517","1721166509125ms","1","9478468804136761819","15538174937159163044");
INSERT INTO "link_rule_object_cond" ("hk","dt","src", "rule_hk","object_cond_hk") VALUES ("6925901350692268517","1721166509125ms","1","18429185897668607390","12198455829286813305");
INSERT INTO "link_rule_object_cond" ("hk","dt","src", "rule_hk","object_cond_hk") VALUES ("6925901350692268517","1721166509125ms","1","8203536016680997965","16372842364810090685");
INSERT INTO "link_rule_object_cond" ("hk","dt","src", "rule_hk","object_cond_hk") VALUES ("6925901350692268517","1721166509125ms","1","2649436473152542709","6865078944023993121");
INSERT INTO "link_rule_object_cond" ("hk","dt","src", "rule_hk","object_cond_hk") VALUES ("6925901350692268517","1721166509125ms","1","1710581406034247912","5244370904071938740");
INSERT INTO "link_rule_object_cond" ("hk","dt","src", "rule_hk","object_cond_hk") VALUES ("6925901350692268517","1721166509125ms","1","10170089511133285138","7297402197434665087");
INSERT INTO "link_rule_object_cond" ("hk","dt","src", "rule_hk","object_cond_hk") VALUES ("6925901350692268517","1721166509125ms","1","9175231443766067130","3545243966873722102");
INSERT INTO "link_rule_object_cond" ("hk","dt","src", "rule_hk","object_cond_hk") VALUES ("6925901350692268517","1721166509125ms","1","340840630196042640","3677832973580004710");
INSERT INTO "link_rule_object_cond" ("hk","dt","src", "rule_hk","object_cond_hk") VALUES ("6925901350692268517","1721166509125ms","1","4840522424119579548","17409573596913462342");
CREATE TABLE "subject_cond_hub" ("hk" TEXT NOT NULL UNIQUE, "dt" TEXT NOT NULL, "src"  TEXT NOT NULL, "subject" TEXT NOT NULL,"comparison_operator_hk" TEXT NOT NULL,"value" TEXT NOT NULL, PRIMARY KEY("hk"));
INSERT INTO "subject_cond_hub" ("hk","dt","src","subject","comparison_operator_hk","value") VALUES ("14960144843700605132","1721166509125ms","1","14258576900392064537","7500597097087108110","полный доступ");
INSERT INTO "subject_cond_hub" ("hk","dt","src","subject","comparison_operator_hk","value") VALUES ("9982533303612718950","1721166509125ms","1","8515376505552316133","10812924833742122732","читать 1");
INSERT INTO "subject_cond_hub" ("hk","dt","src","subject","comparison_operator_hk","value") VALUES ("1040483689356299528","1721166509125ms","1","8515376505552316133","10812924833742122732","редактировать 1");
INSERT INTO "subject_cond_hub" ("hk","dt","src","subject","comparison_operator_hk","value") VALUES ("11157317289486254337","1721166509125ms","1","8515376505552316133","10812924833742122732","создать 1");
INSERT INTO "subject_cond_hub" ("hk","dt","src","subject","comparison_operator_hk","value") VALUES ("8006061032573126469","1721166509125ms","1","8515376505552316133","10812924833742122732","удалить 1");
INSERT INTO "subject_cond_hub" ("hk","dt","src","subject","comparison_operator_hk","value") VALUES ("17822295048381943363","1721166509125ms","1","8515376505552316133","10812924833742122732","читать 2");
INSERT INTO "subject_cond_hub" ("hk","dt","src","subject","comparison_operator_hk","value") VALUES ("17249174475388434087","1721166509125ms","1","8515376505552316133","10812924833742122732","редактировать 2");
INSERT INTO "subject_cond_hub" ("hk","dt","src","subject","comparison_operator_hk","value") VALUES ("428803261744843696","1721166509125ms","1","8515376505552316133","10812924833742122732","создать 2");
INSERT INTO "subject_cond_hub" ("hk","dt","src","subject","comparison_operator_hk","value") VALUES ("11326842538082117655","1721166509125ms","1","8515376505552316133","10812924833742122732","удалить 2");
CREATE TABLE "link_rule_subject_cond" ("hk" TEXT NOT NULL,"dt" TEXT NOT NULL,"src" TEXT NOT NULL, "rule_hk" TEXT NOT NULL,"subject_cond_hk" TEXT);
INSERT INTO "link_rule_subject_cond" ("hk","dt","src", "rule_hk","subject_cond_hk") VALUES ("15800794003243926296","1721166509125ms","1","8271281792137018304","9982533303612718950");
INSERT INTO "link_rule_subject_cond" ("hk","dt","src", "rule_hk","subject_cond_hk") VALUES ("15800794003243926296","1721166509125ms","1","8271281792137018304","14960144843700605132");
INSERT INTO "link_rule_subject_cond" ("hk","dt","src", "rule_hk","subject_cond_hk") VALUES ("15800794003243926296","1721166509125ms","1","603416357163582489","1040483689356299528");
INSERT INTO "link_rule_subject_cond" ("hk","dt","src", "rule_hk","subject_cond_hk") VALUES ("15800794003243926296","1721166509125ms","1","603416357163582489","14960144843700605132");
INSERT INTO "link_rule_subject_cond" ("hk","dt","src", "rule_hk","subject_cond_hk") VALUES ("15800794003243926296","1721166509125ms","1","8779058424286967118","11157317289486254337");
INSERT INTO "link_rule_subject_cond" ("hk","dt","src", "rule_hk","subject_cond_hk") VALUES ("15800794003243926296","1721166509125ms","1","8779058424286967118","14960144843700605132");
INSERT INTO "link_rule_subject_cond" ("hk","dt","src", "rule_hk","subject_cond_hk") VALUES ("15800794003243926296","1721166509125ms","1","5920445534275078174","8006061032573126469");
INSERT INTO "link_rule_subject_cond" ("hk","dt","src", "rule_hk","subject_cond_hk") VALUES ("15800794003243926296","1721166509125ms","1","5920445534275078174","14960144843700605132");
INSERT INTO "link_rule_subject_cond" ("hk","dt","src", "rule_hk","subject_cond_hk") VALUES ("15800794003243926296","1721166509126ms","1","2261004459376525335","14960144843700605132");
INSERT INTO "link_rule_subject_cond" ("hk","dt","src", "rule_hk","subject_cond_hk") VALUES ("15800794003243926296","1721166509126ms","1","10543646624933841060","14960144843700605132");
INSERT INTO "link_rule_subject_cond" ("hk","dt","src", "rule_hk","subject_cond_hk") VALUES ("15800794003243926296","1721166509126ms","1","6374312477639208525","14960144843700605132");
INSERT INTO "link_rule_subject_cond" ("hk","dt","src", "rule_hk","subject_cond_hk") VALUES ("15800794003243926296","1721166509126ms","1","12356392830694245172","14960144843700605132");
INSERT INTO "link_rule_subject_cond" ("hk","dt","src", "rule_hk","subject_cond_hk") VALUES ("15800794003243926296","1721166509126ms","1","17240693774908357169","14960144843700605132");
INSERT INTO "link_rule_subject_cond" ("hk","dt","src", "rule_hk","subject_cond_hk") VALUES ("15800794003243926296","1721166509126ms","1","9478468804136761819","17822295048381943363");
INSERT INTO "link_rule_subject_cond" ("hk","dt","src", "rule_hk","subject_cond_hk") VALUES ("15800794003243926296","1721166509126ms","1","9478468804136761819","14960144843700605132");
INSERT INTO "link_rule_subject_cond" ("hk","dt","src", "rule_hk","subject_cond_hk") VALUES ("15800794003243926296","1721166509126ms","1","18429185897668607390","17249174475388434087");
INSERT INTO "link_rule_subject_cond" ("hk","dt","src", "rule_hk","subject_cond_hk") VALUES ("15800794003243926296","1721166509126ms","1","18429185897668607390","14960144843700605132");
INSERT INTO "link_rule_subject_cond" ("hk","dt","src", "rule_hk","subject_cond_hk") VALUES ("15800794003243926296","1721166509126ms","1","8203536016680997965","428803261744843696");
INSERT INTO "link_rule_subject_cond" ("hk","dt","src", "rule_hk","subject_cond_hk") VALUES ("15800794003243926296","1721166509126ms","1","8203536016680997965","14960144843700605132");
INSERT INTO "link_rule_subject_cond" ("hk","dt","src", "rule_hk","subject_cond_hk") VALUES ("15800794003243926296","1721166509126ms","1","2649436473152542709","11326842538082117655");
INSERT INTO "link_rule_subject_cond" ("hk","dt","src", "rule_hk","subject_cond_hk") VALUES ("15800794003243926296","1721166509126ms","1","2649436473152542709","14960144843700605132");
INSERT INTO "link_rule_subject_cond" ("hk","dt","src", "rule_hk","subject_cond_hk") VALUES ("15800794003243926296","1721166509126ms","1","1710581406034247912","14960144843700605132");
INSERT INTO "link_rule_subject_cond" ("hk","dt","src", "rule_hk","subject_cond_hk") VALUES ("15800794003243926296","1721166509126ms","1","10170089511133285138","14960144843700605132");
INSERT INTO "link_rule_subject_cond" ("hk","dt","src", "rule_hk","subject_cond_hk") VALUES ("15800794003243926296","1721166509126ms","1","9175231443766067130","14960144843700605132");
INSERT INTO "link_rule_subject_cond" ("hk","dt","src", "rule_hk","subject_cond_hk") VALUES ("15800794003243926296","1721166509126ms","1","340840630196042640","14960144843700605132");
INSERT INTO "link_rule_subject_cond" ("hk","dt","src", "rule_hk","subject_cond_hk") VALUES ("15800794003243926296","1721166509126ms","1","4840522424119579548","14960144843700605132");
CREATE TABLE "action_hub" ("hk" TEXT NOT NULL UNIQUE, "dt" TEXT NOT NULL, "src"  TEXT NOT NULL, "action" TEXT NOT NULL,"effect" TEXT NOT NULL, PRIMARY KEY("hk"));
CREATE TABLE "actions_dic" ("hk" TEXT NOT NULL UNIQUE, "dt" TEXT NOT NULL, "src"  TEXT NOT NULL, "name"	TEXT NOT NULL, PRIMARY KEY("hk"));
INSERT INTO "actions_dic" ("hk","dt","src","name") VALUES ("9257799126414257590","1721166509126ms","1","execute");
INSERT INTO "actions_dic" ("hk","dt","src","name") VALUES ("1162701176852354260","1721166509126ms","1","create");
INSERT INTO "actions_dic" ("hk","dt","src","name") VALUES ("17324633470009771292","1721166509126ms","1","read");
INSERT INTO "actions_dic" ("hk","dt","src","name") VALUES ("9544385186769949644","1721166509126ms","1","update");
INSERT INTO "actions_dic" ("hk","dt","src","name") VALUES ("5002794538833374274","1721166509126ms","1","delete");
CREATE TABLE "effects_dic" ("hk" TEXT NOT NULL UNIQUE, "dt" TEXT NOT NULL, "src"  TEXT NOT NULL, "name"	TEXT NOT NULL, PRIMARY KEY("hk"));
INSERT INTO "effects_dic" ("hk","dt","src","name") VALUES ("907323904081373410","1721166509126ms","1","allow");
INSERT INTO "effects_dic" ("hk","dt","src","name") VALUES ("4045277138175792890","1721166509126ms","1","deny");
CREATE TABLE "rules_actions_hub" ("hk" TEXT NOT NULL UNIQUE, "dt" TEXT NOT NULL, "src"  TEXT NOT NULL, "actions" TEXT NOT NULL,"effects" TEXT NOT NULL, PRIMARY KEY("hk"));
INSERT INTO "rules_actions_hub" ("hk","dt","src","actions","effects") VALUES ("217292581564671277","1721166509126ms","1","9257799126414257590","907323904081373410");
CREATE TABLE "link_rule_rules_actions" ("hk" TEXT NOT NULL,"dt" TEXT NOT NULL,"src" TEXT NOT NULL, "rule_hk" TEXT NOT NULL,"rules_actions_hk" TEXT);
INSERT INTO "link_rule_rules_actions" ("hk","dt","src", "rule_hk","rules_actions_hk") VALUES ("17750765900810368899","1721166509126ms","1","8271281792137018304","217292581564671277");
INSERT INTO "link_rule_rules_actions" ("hk","dt","src", "rule_hk","rules_actions_hk") VALUES ("17750765900810368899","1721166509126ms","1","603416357163582489","217292581564671277");
INSERT INTO "link_rule_rules_actions" ("hk","dt","src", "rule_hk","rules_actions_hk") VALUES ("17750765900810368899","1721166509126ms","1","8779058424286967118","217292581564671277");
INSERT INTO "link_rule_rules_actions" ("hk","dt","src", "rule_hk","rules_actions_hk") VALUES ("17750765900810368899","1721166509126ms","1","5920445534275078174","217292581564671277");
INSERT INTO "link_rule_rules_actions" ("hk","dt","src", "rule_hk","rules_actions_hk") VALUES ("17750765900810368899","1721166509126ms","1","2261004459376525335","217292581564671277");
INSERT INTO "link_rule_rules_actions" ("hk","dt","src", "rule_hk","rules_actions_hk") VALUES ("17750765900810368899","1721166509126ms","1","10543646624933841060","217292581564671277");
INSERT INTO "link_rule_rules_actions" ("hk","dt","src", "rule_hk","rules_actions_hk") VALUES ("17750765900810368899","1721166509126ms","1","6374312477639208525","217292581564671277");
INSERT INTO "link_rule_rules_actions" ("hk","dt","src", "rule_hk","rules_actions_hk") VALUES ("17750765900810368899","1721166509126ms","1","12356392830694245172","217292581564671277");
INSERT INTO "link_rule_rules_actions" ("hk","dt","src", "rule_hk","rules_actions_hk") VALUES ("17750765900810368899","1721166509126ms","1","17240693774908357169","217292581564671277");
INSERT INTO "link_rule_rules_actions" ("hk","dt","src", "rule_hk","rules_actions_hk") VALUES ("17750765900810368899","1721166509126ms","1","9478468804136761819","217292581564671277");
INSERT INTO "link_rule_rules_actions" ("hk","dt","src", "rule_hk","rules_actions_hk") VALUES ("17750765900810368899","1721166509126ms","1","18429185897668607390","217292581564671277");
INSERT INTO "link_rule_rules_actions" ("hk","dt","src", "rule_hk","rules_actions_hk") VALUES ("17750765900810368899","1721166509126ms","1","8203536016680997965","217292581564671277");
INSERT INTO "link_rule_rules_actions" ("hk","dt","src", "rule_hk","rules_actions_hk") VALUES ("17750765900810368899","1721166509126ms","1","2649436473152542709","217292581564671277");
INSERT INTO "link_rule_rules_actions" ("hk","dt","src", "rule_hk","rules_actions_hk") VALUES ("17750765900810368899","1721166509126ms","1","1710581406034247912","217292581564671277");
INSERT INTO "link_rule_rules_actions" ("hk","dt","src", "rule_hk","rules_actions_hk") VALUES ("17750765900810368899","1721166509126ms","1","10170089511133285138","217292581564671277");
INSERT INTO "link_rule_rules_actions" ("hk","dt","src", "rule_hk","rules_actions_hk") VALUES ("17750765900810368899","1721166509126ms","1","9175231443766067130","217292581564671277");
INSERT INTO "link_rule_rules_actions" ("hk","dt","src", "rule_hk","rules_actions_hk") VALUES ("17750765900810368899","1721166509126ms","1","340840630196042640","217292581564671277");
INSERT INTO "link_rule_rules_actions" ("hk","dt","src", "rule_hk","rules_actions_hk") VALUES ("17750765900810368899","1721166509126ms","1","4840522424119579548","217292581564671277");
